,0,1,2,3,4,5,6,7,8,9,10,11
0,0.0,4.85,360.0,1.0,8.674025985443025,1.0,0.0,0.0,0.0,0.0,1.0,1.0
1,1.0,4.852030263919617,360.0,1.0,8.714567550836485,1.0,1.0,0.0,0.0,0.0,0.0,0.0
2,0.0,4.189654742026425,360.0,1.0,8.006367567650246,1.0,1.0,0.0,1.0,0.0,1.0,1.0
3,0.0,4.787491742782046,360.0,1.0,8.50532301884575,1.0,1.0,1.0,0.0,0.0,1.0,1.0
4,0.0,4.948759890378168,360.0,1.0,8.699514748210191,1.0,0.0,0.0,0.0,0.0,1.0,1.0
5,2.0,5.58724865840025,360.0,1.0,9.170871628065816,1.0,1.0,0.0,1.0,0.0,1.0,1.0
6,0.0,4.553876891600541,360.0,1.0,8.255568653283746,1.0,1.0,1.0,0.0,0.0,1.0,1.0
7,3.0,5.062595033026967,360.0,0.0,8.61974977974133,1.0,1.0,0.0,0.0,1.0,0.0,0.0
8,2.0,5.123963979403259,360.0,1.0,8.61830469278465,1.0,1.0,0.0,0.0,0.0,1.0,1.0
9,1.0,5.855071922202427,360.0,1.0,10.077818939438902,1.0,1.0,0.0,0.0,1.0,0.0,0.0
10,2.0,4.248495242049359,360.0,1.0,8.268731832117737,1.0,1.0,0.0,0.0,0.0,1.0,1.0
11,2.0,4.6913478822291435,360.0,1.0,8.375629627094451,1.0,1.0,0.0,0.0,0.0,1.0,1.0
12,2.0,5.298317366548036,360.0,1.0,9.321792297270326,1.0,1.0,0.0,0.0,0.0,1.0,1.0
13,0.0,4.736198448394496,360.0,1.0,8.453827315794417,1.0,0.0,0.0,0.0,0.0,0.0,0.0
14,2.0,2.833213344056216,120.0,1.0,7.776954403322442,1.0,1.0,0.0,0.0,0.0,1.0,1.0
15,0.0,4.8283137373023015,360.0,1.0,8.507142855562735,1.0,0.0,0.0,0.0,0.0,1.0,1.0
16,1.0,4.605170185988092,240.0,1.0,8.18757739559151,1.0,0.0,1.0,0.0,0.0,1.0,1.0
17,0.0,4.330733340286331,360.0,0.0,8.163371316459912,0.0,0.0,0.0,0.0,0.0,1.0,0.0
18,0.0,4.890349128221754,360.0,1.0,8.494333897270154,1.0,1.0,1.0,0.0,0.0,0.0,0.0
19,0.0,4.74493212836325,360.0,1.0,8.716044050161402,1.0,1.0,0.0,0.0,0.0,1.0,1.0
20,0.0,4.6443908991413725,360.0,0.0,8.943767262734637,1.0,1.0,1.0,0.0,0.0,1.0,0.0
21,1.0,5.752572638825633,360.0,1.0,9.357034751126987,1.0,1.0,0.0,0.0,0.0,1.0,1.0
22,0.0,4.7535901911063645,360.0,0.0,8.414274137408396,1.0,1.0,1.0,0.0,1.0,0.0,0.0
23,2.0,4.718498871295094,360.0,0.0,8.572060092857077,1.0,1.0,1.0,0.0,0.0,0.0,0.0
24,1.0,5.017279836814924,360.0,1.0,8.801168401936692,1.0,1.0,0.0,0.0,1.0,0.0,0.0
25,0.0,5.25227342804663,360.0,1.0,9.165343006045447,1.0,1.0,0.0,1.0,1.0,0.0,1.0
26,0.0,4.804021044733257,360.0,1.0,8.527539483470381,1.0,1.0,0.0,0.0,1.0,0.0,1.0
27,2.0,4.700480365792417,360.0,1.0,8.569026340056254,1.0,1.0,1.0,0.0,0.0,1.0,1.0
28,0.0,3.5553480614894135,360.0,1.0,7.273786317844895,1.0,0.0,1.0,0.0,0.0,1.0,0.0
29,2.0,4.787491742782046,360.0,1.0,8.671286726753637,0.0,0.0,0.0,0.0,1.0,0.0,1.0
30,1.0,5.303304908059076,360.0,0.0,8.927314111060596,1.0,1.0,0.0,0.0,0.0,1.0,0.0
31,0.0,4.30406509320417,360.0,1.0,8.06054004653864,1.0,0.0,0.0,0.0,0.0,1.0,0.0
32,1.0,4.663439094112067,360.0,1.0,8.453614209773367,1.0,0.0,0.0,1.0,0.0,0.0,0.0
33,0.0,4.736198448394496,360.0,1.0,8.550047528287184,1.0,1.0,0.0,0.0,1.0,0.0,1.0
34,3.0,5.768320995793772,360.0,1.0,9.648595302907339,1.0,0.0,0.0,0.0,0.0,0.0,0.0
35,0.0,4.85,360.0,1.0,8.376090350438238,1.0,1.0,0.0,0.0,0.0,1.0,1.0
36,0.0,4.605170185988092,360.0,0.0,8.057694194815587,1.0,1.0,0.0,0.0,0.0,1.0,0.0
37,0.0,4.969813299576001,360.0,1.0,8.542080906924017,0.0,1.0,0.0,0.0,1.0,0.0,1.0
38,0.0,5.214935757608986,360.0,1.0,9.339261152043022,1.0,0.0,0.0,0.0,0.0,1.0,1.0
39,0.0,4.700480365792417,360.0,1.0,8.59711281459211,1.0,0.0,1.0,0.0,1.0,0.0,1.0
40,0.0,4.382026634673881,360.0,1.0,8.1886891244442,1.0,0.0,0.0,0.0,0.0,1.0,0.0
41,0.0,3.8501476017100584,360.0,1.0,8.0106915391303,1.0,0.0,0.0,0.0,0.0,1.0,1.0
42,0.0,4.31748811353631,360.0,1.0,7.783224016336037,1.0,1.0,0.0,0.0,0.0,1.0,1.0
43,0.0,4.897839799950911,360.0,1.0,8.744647438317532,1.0,1.0,0.0,0.0,1.0,0.0,1.0
44,0.0,4.564348191467836,360.0,1.0,8.454253391642363,1.0,1.0,1.0,1.0,0.0,1.0,1.0
45,0.0,4.477336814478207,360.0,1.0,8.134467570277563,0.0,0.0,0.0,0.0,0.0,1.0,1.0
46,1.0,3.784189633918261,360.0,1.0,8.639233817325263,1.0,1.0,0.0,0.0,0.0,1.0,1.0
47,0.0,4.969813299576001,360.0,1.0,8.669227347271736,1.0,1.0,0.0,0.0,0.0,1.0,1.0
48,0.0,4.787491742782046,360.0,0.0,8.713582005421628,0.0,1.0,0.0,0.0,0.0,1.0,0.0
49,0.0,4.969813299576001,360.0,1.0,8.744328763999984,0.0,0.0,0.0,0.0,1.0,0.0,1.0
50,0.0,4.605170185988092,360.0,1.0,8.18088094199639,0.0,1.0,1.0,0.0,1.0,0.0,1.0
51,0.0,4.787491742782046,360.0,1.0,8.034631032923107,0.0,0.0,0.0,0.0,1.0,0.0,1.0
52,0.0,4.718498871295094,360.0,1.0,8.349957272040324,0.0,0.0,0.0,0.0,1.0,0.0,0.0
53,2.0,4.897839799950911,360.0,1.0,8.437283808187935,1.0,1.0,0.0,0.0,0.0,1.0,0.0
54,1.0,5.655991810819852,360.0,0.0,9.350102314351341,0.0,1.0,0.0,1.0,0.0,1.0,0.0
55,2.0,4.574710978503383,360.0,1.0,8.262300941787448,1.0,1.0,0.0,0.0,1.0,0.0,1.0
56,0.0,4.564348191467836,360.0,1.0,8.222285073872717,1.0,1.0,0.0,0.0,1.0,0.0,1.0
57,0.0,4.90527477843843,360.0,1.0,8.624431942085836,1.0,1.0,0.0,0.0,0.0,0.0,0.0
58,1.0,5.19295685089021,360.0,1.0,9.242807562113684,1.0,1.0,0.0,0.0,0.0,1.0,1.0
59,2.0,4.969813299576001,360.0,1.0,8.734881892047483,1.0,1.0,1.0,0.0,0.0,1.0,1.0
60,0.0,4.787491742782046,360.0,1.0,8.74766979009724,1.0,1.0,0.0,0.0,0.0,1.0,1.0
61,3.0,4.59511985013459,360.0,1.0,8.015987811027237,1.0,1.0,0.0,0.0,0.0,1.0,1.0
62,0.0,5.10594547390058,180.0,0.0,8.709134991587183,1.0,1.0,1.0,1.0,0.0,0.0,0.0
63,1.0,4.85,360.0,0.0,8.506132244056813,1.0,1.0,0.0,0.0,0.0,0.0,0.0
64,0.0,4.7535901911063645,360.0,0.0,8.334711621820917,0.0,0.0,0.0,0.0,1.0,0.0,0.0
65,0.0,5.552959584921617,360.0,1.0,9.241935933565934,1.0,1.0,0.0,0.0,1.0,0.0,0.0
66,0.0,4.836281906951478,180.0,0.0,8.604104563405533,1.0,0.0,1.0,0.0,0.0,1.0,0.0
67,1.0,5.7430031878094825,360.0,1.0,9.28266103355581,1.0,1.0,0.0,0.0,0.0,1.0,1.0
68,3.0,4.8283137373023015,60.0,1.0,8.867850063029406,1.0,1.0,1.0,1.0,0.0,1.0,1.0
69,0.0,4.912654885736052,360.0,0.0,8.366370301681654,0.0,0.0,0.0,0.0,1.0,0.0,0.0
70,0.0,5.147494476813453,360.0,1.0,8.744169388750624,1.0,1.0,0.0,0.0,0.0,1.0,1.0
71,2.0,4.574710978503383,360.0,1.0,8.229511118964457,1.0,1.0,1.0,1.0,1.0,0.0,1.0
72,0.0,4.394449154672439,300.0,1.0,8.160518247477505,1.0,0.0,0.0,0.0,1.0,0.0,1.0
73,3.0,4.553876891600541,360.0,0.0,8.46695197497949,1.0,1.0,1.0,0.0,1.0,0.0,0.0
74,3.0,5.231108616854587,360.0,1.0,8.859363449152088,1.0,1.0,0.0,1.0,1.0,0.0,1.0
75,0.0,4.727387818712341,480.0,1.0,8.229511118964457,1.0,0.0,0.0,0.0,0.0,1.0,0.0
76,0.0,5.170483995038151,360.0,1.0,9.047821442478408,1.0,0.0,0.0,0.0,0.0,1.0,0.0
77,1.0,4.700480365792417,360.0,1.0,8.299534570332597,1.0,1.0,0.0,1.0,0.0,1.0,0.0
78,3.0,5.19295685089021,300.0,0.0,8.877242435993919,1.0,1.0,0.0,0.0,1.0,0.0,0.0
79,3.0,4.867534450455582,360.0,1.0,8.612321536507814,1.0,1.0,1.0,1.0,1.0,0.0,1.0
80,0.0,4.709530201312334,360.0,1.0,8.254788926148725,0.0,0.0,0.0,0.0,1.0,0.0,1.0
81,1.0,4.85,360.0,1.0,7.781138509845015,1.0,1.0,0.0,1.0,1.0,0.0,1.0
82,2.0,5.117993812416755,360.0,1.0,8.089175678837561,0.0,1.0,0.0,0.0,0.0,1.0,0.0
83,0.0,5.579729825986222,360.0,1.0,9.017968479328726,1.0,1.0,0.0,0.0,1.0,0.0,0.0
84,1.0,3.912023005428146,240.0,1.0,8.291045131081729,1.0,1.0,0.0,0.0,0.0,1.0,1.0
85,0.0,4.912654885736052,360.0,1.0,8.496378051702317,1.0,0.0,0.0,0.0,1.0,0.0,1.0
86,2.0,4.59511985013459,360.0,1.0,8.581669210600602,1.0,1.0,1.0,0.0,1.0,0.0,1.0
87,0.0,4.6443908991413725,360.0,1.0,8.43771698991444,1.0,1.0,0.0,0.0,1.0,0.0,1.0
88,0.0,5.3471075307174685,360.0,1.0,9.055556158175316,1.0,0.0,0.0,0.0,0.0,1.0,1.0
89,0.0,5.1647859739235145,360.0,1.0,9.196444266784072,1.0,1.0,0.0,0.0,1.0,0.0,1.0
90,0.0,4.875197323201151,360.0,1.0,8.675563527387679,1.0,1.0,0.0,0.0,1.0,0.0,1.0
91,2.0,5.236441962829949,180.0,1.0,9.384629757072872,1.0,1.0,0.0,0.0,1.0,0.0,1.0
92,2.0,4.394449154672439,360.0,1.0,8.535622326884605,1.0,1.0,1.0,0.0,0.0,1.0,1.0
93,0.0,4.804021044733257,360.0,1.0,8.326758814511733,1.0,0.0,0.0,0.0,1.0,0.0,1.0
94,0.0,3.2188758248682006,120.0,1.0,8.194229304819817,1.0,0.0,1.0,0.0,1.0,0.0,1.0
95,0.0,4.85,360.0,1.0,8.822027322685583,1.0,0.0,0.0,0.0,0.0,1.0,0.0
96,0.0,4.919980925828125,360.0,1.0,8.47345026846832,0.0,1.0,0.0,0.0,1.0,0.0,1.0
97,0.0,3.912023005428146,360.0,1.0,7.9976631270201,1.0,1.0,0.0,0.0,1.0,0.0,1.0
98,0.0,4.74493212836325,180.0,1.0,8.339978571990427,1.0,1.0,1.0,0.0,1.0,0.0,1.0
99,0.0,4.875197323201151,360.0,1.0,8.575462099540212,1.0,1.0,0.0,0.0,1.0,0.0,1.0
100,2.0,4.890349128221754,180.0,1.0,8.929435283803425,1.0,1.0,1.0,0.0,0.0,1.0,1.0
101,0.0,5.017279836814924,360.0,1.0,9.065198986306513,1.0,0.0,0.0,0.0,1.0,0.0,1.0
102,0.0,4.85,360.0,1.0,9.521494800613105,1.0,1.0,0.0,0.0,0.0,1.0,1.0
103,0.0,4.85,360.0,1.0,9.016148642611741,1.0,1.0,0.0,0.0,1.0,0.0,1.0
104,0.0,5.075173815233827,360.0,1.0,8.42726848388825,1.0,1.0,0.0,0.0,0.0,1.0,1.0
105,1.0,4.605170185988092,360.0,1.0,8.31434234336979,1.0,1.0,0.0,0.0,0.0,1.0,1.0
106,2.0,5.41610040220442,360.0,1.0,9.436918020024674,1.0,1.0,0.0,0.0,0.0,1.0,1.0
107,0.0,4.787491742782046,360.0,1.0,8.9001399880938,1.0,0.0,1.0,0.0,0.0,0.0,0.0
108,2.0,5.375278407684165,360.0,0.0,8.909235279192261,1.0,1.0,0.0,0.0,0.0,1.0,0.0
109,3.0,4.543294782270004,480.0,1.0,7.946263643580541,1.0,1.0,1.0,0.0,1.0,0.0,1.0
110,0.0,4.912654885736052,360.0,1.0,8.578476419833136,1.0,0.0,0.0,0.0,0.0,1.0,1.0
111,0.0,4.9344739331306915,360.0,1.0,8.568266461600238,0.0,1.0,0.0,0.0,1.0,0.0,1.0
112,0.0,5.0238805208462765,360.0,0.0,8.94715577112479,1.0,1.0,1.0,0.0,0.0,0.0,0.0
113,1.0,4.85,360.0,1.0,8.916103530553727,0.0,0.0,0.0,1.0,1.0,0.0,1.0
114,0.0,4.770684624465665,360.0,1.0,8.527143522269405,1.0,0.0,0.0,0.0,1.0,0.0,1.0
115,1.0,5.220355825078324,180.0,1.0,9.587611745713565,1.0,1.0,0.0,0.0,0.0,0.0,1.0
116,0.0,5.0369526024136295,360.0,1.0,8.60337088765729,0.0,1.0,0.0,0.0,1.0,0.0,1.0
117,1.0,4.442651256490317,360.0,1.0,8.192016914536875,1.0,1.0,0.0,0.0,0.0,1.0,1.0
118,0.0,5.1647859739235145,360.0,1.0,8.950273466557375,1.0,1.0,0.0,0.0,0.0,0.0,0.0
119,0.0,5.556828061699537,360.0,1.0,9.250330020192342,0.0,0.0,0.0,0.0,0.0,1.0,1.0
120,0.0,5.19295685089021,360.0,1.0,9.0280988119824,1.0,1.0,0.0,0.0,0.0,0.0,1.0
121,0.0,3.784189633918261,360.0,1.0,8.334711621820917,0.0,0.0,0.0,0.0,1.0,0.0,1.0
122,0.0,4.919980925828125,360.0,0.0,9.316230747233615,0.0,0.0,0.0,0.0,1.0,0.0,1.0
123,2.0,4.394449154672439,360.0,1.0,7.9919305198524775,1.0,1.0,0.0,0.0,1.0,0.0,1.0
124,0.0,5.267858159063328,360.0,1.0,8.750524669117937,1.0,1.0,1.0,0.0,0.0,0.0,1.0
125,0.0,4.532599493153256,360.0,1.0,8.213923595622743,0.0,0.0,0.0,0.0,0.0,0.0,1.0
126,3.0,5.91350300563827,360.0,1.0,10.077566902136047,1.0,1.0,0.0,0.0,0.0,0.0,1.0
127,0.0,4.85,360.0,1.0,8.61341204915678,1.0,0.0,0.0,0.0,0.0,0.0,1.0
128,1.0,5.075173815233827,180.0,0.0,9.572410734431823,1.0,1.0,0.0,1.0,0.0,1.0,0.0
129,0.0,5.204006687076795,360.0,1.0,9.065198986306513,1.0,1.0,0.0,0.0,0.0,0.0,0.0
130,0.0,6.476972362889683,480.0,1.0,9.91175329695316,1.0,0.0,0.0,1.0,0.0,1.0,1.0
131,0.0,4.30406509320417,360.0,1.0,8.279697133877628,1.0,0.0,0.0,0.0,0.0,1.0,1.0
132,0.0,4.248495242049359,360.0,1.0,7.907651594711089,1.0,0.0,0.0,0.0,1.0,0.0,1.0
133,0.0,3.2188758248682006,120.0,1.0,8.148734808937169,1.0,1.0,0.0,1.0,1.0,0.0,1.0
134,0.0,4.624972813284271,360.0,1.0,8.49596955496461,1.0,0.0,0.0,0.0,1.0,0.0,1.0
135,3.0,5.66988092298052,360.0,1.0,9.371608519572305,1.0,1.0,0.0,0.0,1.0,0.0,0.0
136,0.0,4.430816798843313,360.0,1.0,8.430109084509125,0.0,1.0,0.0,0.0,0.0,0.0,0.0
137,2.0,4.477336814478207,360.0,1.0,8.827028068509152,1.0,1.0,0.0,1.0,0.0,1.0,1.0
138,0.0,5.488937726156687,360.0,0.0,9.61573881119536,1.0,0.0,0.0,0.0,1.0,0.0,0.0
139,2.0,4.859812404361672,360.0,1.0,8.635864721133736,1.0,1.0,1.0,0.0,0.0,0.0,0.0
140,2.0,5.220355825078324,360.0,1.0,8.871365005136852,1.0,1.0,0.0,0.0,0.0,0.0,0.0
141,0.0,5.123963979403259,360.0,1.0,8.597297435657898,1.0,0.0,0.0,0.0,0.0,1.0,1.0
142,0.0,5.1647859739235145,180.0,1.0,8.846496938558838,1.0,0.0,0.0,1.0,1.0,0.0,1.0
143,0.0,4.804021044733257,360.0,1.0,8.462103225098277,1.0,1.0,0.0,0.0,1.0,0.0,1.0
144,2.0,5.231108616854587,180.0,1.0,9.372204086867741,1.0,1.0,0.0,0.0,0.0,1.0,1.0
145,0.0,4.605170185988092,360.0,1.0,8.827028068509152,0.0,1.0,0.0,0.0,1.0,0.0,1.0
146,2.0,4.248495242049359,360.0,1.0,9.60683200528524,0.0,1.0,0.0,0.0,0.0,1.0,1.0
147,1.0,3.4011973816621555,360.0,1.0,7.993957547573565,1.0,1.0,0.0,0.0,0.0,1.0,1.0
148,0.0,5.41610040220442,360.0,1.0,9.364433907313582,0.0,0.0,0.0,0.0,0.0,0.0,0.0
149,0.0,4.8283137373023015,360.0,1.0,8.646465527120377,1.0,1.0,0.0,0.0,1.0,0.0,1.0
150,0.0,4.770684624465665,360.0,0.0,8.744647438317532,1.0,0.0,0.0,0.0,0.0,0.0,0.0
151,0.0,5.0238805208462765,360.0,1.0,8.752581469146884,1.0,1.0,0.0,1.0,0.0,0.0,1.0
152,0.0,5.497168225293202,360.0,1.0,9.123256265069069,1.0,0.0,0.0,0.0,0.0,1.0,0.0
153,2.0,4.727387818712341,360.0,1.0,7.732369222284388,1.0,1.0,1.0,0.0,0.0,0.0,0.0
154,0.0,3.912023005428146,360.0,1.0,8.087640287778983,1.0,0.0,0.0,0.0,0.0,1.0,1.0
155,3.0,6.396929655216146,180.0,0.0,10.596609732783568,1.0,1.0,0.0,0.0,1.0,0.0,1.0
156,1.0,5.075173815233827,360.0,1.0,8.699514748210191,1.0,1.0,0.0,0.0,0.0,0.0,1.0
157,1.0,5.231108616854587,360.0,1.0,9.16303909885817,1.0,1.0,0.0,0.0,0.0,1.0,1.0
158,0.0,4.787491742782046,360.0,1.0,8.529714471969909,1.0,0.0,0.0,0.0,0.0,0.0,1.0
159,0.0,5.541263545158426,360.0,1.0,9.23092700558457,1.0,1.0,0.0,0.0,1.0,0.0,1.0
160,0.0,4.584967478670572,360.0,1.0,7.973844375944687,1.0,1.0,1.0,0.0,1.0,0.0,1.0
161,0.0,5.616771097666572,360.0,1.0,8.978786553302003,1.0,1.0,0.0,0.0,0.0,1.0,0.0
162,1.0,4.795790545596741,360.0,0.0,8.382289428951436,1.0,1.0,0.0,0.0,1.0,0.0,0.0
163,2.0,5.062595033026967,360.0,1.0,8.633018756921828,1.0,1.0,0.0,0.0,0.0,0.0,1.0
164,0.0,4.31748811353631,180.0,1.0,9.140239744296693,1.0,1.0,0.0,0.0,0.0,1.0,1.0
165,0.0,5.204006687076795,360.0,1.0,8.835355971121606,1.0,1.0,0.0,0.0,0.0,0.0,1.0
166,0.0,4.718498871295094,360.0,1.0,8.430109084509125,0.0,1.0,0.0,0.0,0.0,0.0,0.0
167,0.0,4.859812404361672,360.0,1.0,8.660773919893762,1.0,1.0,0.0,0.0,0.0,0.0,1.0
168,0.0,4.143134726391533,480.0,0.0,7.71289096149013,1.0,0.0,0.0,0.0,1.0,0.0,0.0
169,2.0,5.298317366548036,360.0,1.0,8.987196820661973,1.0,1.0,0.0,0.0,1.0,0.0,1.0
170,0.0,4.553876891600541,360.0,1.0,8.185628891147607,1.0,1.0,1.0,0.0,0.0,0.0,1.0
171,3.0,6.551080335043404,300.0,1.0,10.854430887309706,1.0,1.0,0.0,0.0,0.0,1.0,1.0
172,3.0,4.394449154672439,180.0,1.0,8.166784289056151,1.0,1.0,1.0,0.0,0.0,0.0,0.0
173,0.0,5.231108616854587,360.0,1.0,9.335474102732949,1.0,1.0,0.0,0.0,1.0,0.0,1.0
174,0.0,4.465908118654584,360.0,1.0,8.533066540572527,1.0,1.0,1.0,1.0,1.0,0.0,0.0
175,0.0,4.7535901911063645,360.0,1.0,8.605387202152153,1.0,1.0,0.0,0.0,0.0,0.0,1.0
176,2.0,4.61512051684126,360.0,1.0,8.20631072579402,1.0,1.0,0.0,0.0,0.0,0.0,1.0
177,3.0,6.20455776256869,360.0,0.0,9.730086093116732,1.0,1.0,0.0,0.0,1.0,0.0,0.0
178,1.0,4.7535901911063645,360.0,1.0,8.229511118964457,1.0,1.0,0.0,0.0,1.0,0.0,1.0
179,0.0,4.624972813284271,480.0,0.0,8.238536930171769,1.0,0.0,1.0,0.0,0.0,1.0,0.0
180,1.0,5.19295685089021,360.0,0.0,9.521494800613105,1.0,1.0,0.0,0.0,0.0,1.0,0.0
181,0.0,4.204692619390966,360.0,1.0,8.850660919017152,1.0,0.0,0.0,0.0,0.0,0.0,0.0
182,0.0,4.290459441148391,180.0,1.0,8.433811582477187,1.0,1.0,0.0,0.0,1.0,0.0,1.0
183,1.0,5.560681631015528,360.0,1.0,10.429576102968031,1.0,1.0,0.0,0.0,1.0,0.0,0.0
184,0.0,4.68213122712422,360.0,1.0,8.195609567288775,0.0,1.0,0.0,0.0,1.0,0.0,1.0
185,0.0,4.787491742782046,360.0,1.0,10.689601259598334,1.0,1.0,0.0,1.0,1.0,0.0,1.0
186,1.0,4.189654742026425,300.0,0.0,7.686162303492906,1.0,1.0,0.0,1.0,0.0,0.0,0.0
187,0.0,4.060443010546419,360.0,1.0,8.416488487294606,1.0,1.0,0.0,0.0,0.0,0.0,1.0
188,0.0,5.123963979403259,360.0,1.0,8.694502206386648,1.0,1.0,0.0,1.0,0.0,0.0,1.0
189,0.0,5.236441962829949,180.0,1.0,9.140775908590273,1.0,1.0,0.0,0.0,0.0,0.0,1.0
190,0.0,3.871201010907891,360.0,1.0,8.493924564476883,1.0,0.0,1.0,0.0,0.0,0.0,1.0
191,0.0,5.099866427824199,360.0,1.0,9.392661928770137,1.0,0.0,0.0,0.0,1.0,0.0,0.0
192,0.0,5.075173815233827,360.0,1.0,8.704999678440762,1.0,1.0,1.0,0.0,0.0,1.0,0.0
193,0.0,4.330733340286331,360.0,1.0,8.257904193465674,1.0,0.0,0.0,0.0,1.0,0.0,1.0
194,0.0,4.787491742782046,360.0,1.0,8.340694647925071,1.0,0.0,0.0,0.0,0.0,0.0,1.0
195,1.0,5.135798437050262,360.0,1.0,8.649623978596727,1.0,1.0,0.0,0.0,1.0,0.0,0.0
196,0.0,5.231108616854587,360.0,1.0,9.399554785027307,1.0,0.0,0.0,0.0,0.0,0.0,1.0
197,0.0,4.787491742782046,360.0,1.0,8.35983738064003,0.0,0.0,1.0,0.0,0.0,1.0,1.0
198,0.0,4.727387818712341,360.0,1.0,8.737452587550584,0.0,1.0,0.0,0.0,1.0,0.0,1.0
199,0.0,4.418840607796598,360.0,1.0,9.305650551780507,1.0,0.0,0.0,1.0,0.0,1.0,0.0
200,1.0,4.499809670330265,360.0,1.0,8.536995818712418,1.0,1.0,1.0,0.0,1.0,0.0,1.0
201,2.0,5.111987788356544,360.0,0.0,8.5016733797582,1.0,0.0,0.0,0.0,1.0,0.0,1.0
202,3.0,4.85,180.0,1.0,8.292047637431354,1.0,1.0,1.0,0.0,0.0,1.0,0.0
203,1.0,4.90527477843843,360.0,1.0,8.430109084509125,1.0,1.0,1.0,0.0,0.0,1.0,1.0
204,2.0,4.820281565605037,360.0,1.0,8.27308133366583,1.0,1.0,1.0,0.0,1.0,0.0,1.0
205,0.0,4.787491742782046,360.0,1.0,8.391176350832751,0.0,0.0,1.0,0.0,1.0,0.0,1.0
206,0.0,4.382026634673881,360.0,1.0,8.084562415235304,0.0,0.0,0.0,0.0,0.0,1.0,1.0
207,0.0,4.007333185232471,360.0,1.0,8.780480107033297,1.0,0.0,1.0,0.0,0.0,0.0,1.0
208,0.0,4.07753744390572,360.0,1.0,7.8156105320351905,1.0,0.0,0.0,0.0,0.0,1.0,1.0
209,0.0,4.844187086458591,360.0,1.0,8.136810863675537,1.0,0.0,0.0,0.0,1.0,0.0,0.0
210,0.0,5.365976015021851,360.0,1.0,9.210340371976184,0.0,0.0,0.0,0.0,1.0,0.0,0.0
211,3.0,4.852030263919617,360.0,0.0,8.451053388911692,1.0,1.0,0.0,0.0,1.0,0.0,0.0
212,1.0,5.480638923341991,360.0,1.0,8.960210955576986,1.0,1.0,0.0,1.0,0.0,1.0,1.0
213,3.0,4.867534450455582,360.0,1.0,8.648747631156539,1.0,1.0,1.0,1.0,0.0,0.0,1.0
214,0.0,4.919980925828125,360.0,1.0,8.731336360533149,1.0,1.0,0.0,0.0,0.0,1.0,1.0
215,3.0,4.605170185988092,360.0,1.0,8.483222671845084,1.0,1.0,1.0,0.0,1.0,0.0,1.0
216,0.0,4.90527477843843,360.0,1.0,7.575584651557793,1.0,1.0,0.0,0.0,0.0,0.0,0.0
217,0.0,4.875197323201151,360.0,1.0,8.61286694148452,1.0,1.0,0.0,0.0,1.0,0.0,1.0
218,2.0,4.276666119016055,360.0,0.0,8.517193191416238,1.0,1.0,0.0,0.0,1.0,0.0,0.0
219,2.0,4.844187086458591,360.0,1.0,8.804775258867686,0.0,1.0,0.0,0.0,1.0,0.0,1.0
220,0.0,4.0943445622221,360.0,0.0,7.7057128238944275,1.0,1.0,0.0,0.0,0.0,1.0,0.0
221,2.0,4.7535901911063645,360.0,1.0,8.65277248565806,1.0,1.0,0.0,0.0,1.0,0.0,1.0
222,0.0,4.969813299576001,360.0,1.0,8.659039915644474,1.0,0.0,0.0,0.0,1.0,0.0,1.0
223,0.0,5.1647859739235145,360.0,1.0,9.058121158998672,1.0,1.0,0.0,0.0,1.0,0.0,1.0
224,0.0,4.852030263919617,360.0,1.0,8.740336742730447,1.0,1.0,0.0,0.0,1.0,0.0,1.0
225,0.0,5.135798437050262,360.0,1.0,8.086410275323782,1.0,1.0,0.0,0.0,0.0,0.0,0.0
226,0.0,4.927253685157205,360.0,1.0,8.462737005620179,1.0,1.0,1.0,1.0,0.0,1.0,0.0
227,2.0,5.3471075307174685,360.0,1.0,8.980298078970817,1.0,1.0,0.0,0.0,1.0,0.0,1.0
228,0.0,5.062595033026967,480.0,1.0,8.467582690862903,1.0,1.0,0.0,0.0,1.0,0.0,1.0
229,0.0,5.298317366548036,360.0,1.0,8.764053269347762,1.0,0.0,0.0,1.0,0.0,0.0,1.0
230,1.0,4.6443908991413725,360.0,1.0,8.421783006611578,1.0,1.0,0.0,0.0,1.0,0.0,1.0
231,0.0,3.7376696182833684,180.0,1.0,8.22040309993373,1.0,1.0,0.0,0.0,0.0,0.0,1.0
232,0.0,4.787491742782046,360.0,1.0,8.663369301573839,1.0,0.0,1.0,0.0,0.0,0.0,1.0
233,0.0,5.634789603169249,360.0,1.0,9.027978814382207,0.0,0.0,0.0,0.0,1.0,0.0,1.0
234,1.0,4.941642422609304,360.0,1.0,8.503905297089302,1.0,1.0,0.0,0.0,1.0,0.0,1.0
235,1.0,5.135798437050262,360.0,1.0,8.81877816903701,1.0,1.0,0.0,0.0,0.0,0.0,1.0
236,0.0,5.541263545158426,360.0,1.0,8.656259239539235,1.0,1.0,0.0,0.0,0.0,1.0,0.0
237,0.0,4.804021044733257,360.0,1.0,8.149890544402423,0.0,0.0,0.0,1.0,0.0,1.0,1.0
238,1.0,4.718498871295094,360.0,1.0,8.245909264774093,0.0,0.0,0.0,0.0,0.0,0.0,1.0
239,1.0,4.564348191467836,360.0,1.0,8.106212902619962,1.0,1.0,0.0,0.0,1.0,0.0,1.0
240,2.0,4.787491742782046,360.0,1.0,9.289059126687574,1.0,1.0,0.0,0.0,0.0,0.0,1.0
241,1.0,4.941642422609304,180.0,1.0,8.41027590907016,1.0,1.0,1.0,0.0,0.0,1.0,0.0
242,0.0,5.043425116919247,60.0,1.0,9.067162602299854,1.0,0.0,0.0,0.0,0.0,1.0,1.0
243,2.0,4.68213122712422,360.0,1.0,8.92930284224307,1.0,1.0,0.0,1.0,0.0,0.0,1.0
244,0.0,4.812184355372417,360.0,1.0,8.96482339168508,1.0,1.0,1.0,0.0,1.0,0.0,1.0
245,0.0,4.787491742782046,180.0,1.0,9.247925132303454,1.0,0.0,0.0,1.0,0.0,1.0,0.0
246,2.0,4.718498871295094,360.0,1.0,9.1801903950253,1.0,1.0,0.0,0.0,0.0,1.0,1.0
247,1.0,4.919980925828125,180.0,1.0,8.796036315200814,1.0,1.0,1.0,0.0,0.0,1.0,1.0
248,1.0,4.812184355372417,480.0,1.0,8.460622839927844,1.0,1.0,0.0,0.0,1.0,0.0,1.0
249,0.0,4.499809670330265,360.0,1.0,8.209852481301272,1.0,1.0,0.0,0.0,0.0,1.0,1.0
250,0.0,5.303304908059076,360.0,0.0,8.62299361030245,1.0,1.0,1.0,0.0,1.0,0.0,0.0
251,2.0,4.927253685157205,360.0,1.0,8.139440521874608,0.0,0.0,0.0,0.0,0.0,1.0,0.0
252,0.0,4.6443908991413725,360.0,1.0,8.465899897028686,1.0,0.0,1.0,1.0,0.0,0.0,1.0
253,1.0,5.631211781821365,180.0,1.0,9.186252576447092,1.0,1.0,1.0,0.0,1.0,0.0,1.0
254,0.0,5.2574953720277815,360.0,0.0,9.695848187757884,1.0,0.0,0.0,1.0,0.0,1.0,0.0
255,3.0,5.541263545158426,360.0,1.0,8.03365842788615,0.0,0.0,0.0,0.0,0.0,0.0,1.0
256,0.0,4.74493212836325,360.0,0.0,8.706986763048892,1.0,0.0,1.0,0.0,0.0,0.0,0.0
257,3.0,4.543294782270004,360.0,1.0,8.565983355585669,1.0,1.0,0.0,0.0,0.0,1.0,0.0
258,0.0,5.717027701406222,360.0,1.0,9.72812174830818,1.0,1.0,0.0,0.0,0.0,0.0,0.0
259,3.0,4.852030263919617,360.0,0.0,8.503297086224126,1.0,1.0,1.0,0.0,1.0,0.0,0.0
260,1.0,5.799092654460526,360.0,1.0,9.243097936214355,1.0,1.0,0.0,0.0,0.0,1.0,1.0
261,0.0,4.897839799950911,360.0,1.0,8.359134886757962,1.0,0.0,0.0,0.0,1.0,0.0,1.0
262,1.0,5.043425116919247,36.0,1.0,8.15507488781144,0.0,0.0,0.0,0.0,1.0,0.0,0.0
263,0.0,4.787491742782046,360.0,1.0,8.881836305004146,0.0,0.0,0.0,0.0,0.0,0.0,1.0
264,0.0,4.852030263919617,360.0,1.0,8.549853973655786,1.0,0.0,0.0,1.0,1.0,0.0,1.0
265,0.0,5.017279836814924,360.0,1.0,8.928242677818302,1.0,0.0,0.0,0.0,0.0,0.0,1.0
266,2.0,5.0106352940962555,360.0,1.0,8.715224041915372,1.0,1.0,0.0,0.0,1.0,0.0,1.0
267,3.0,5.075173815233827,360.0,0.0,8.723231274827508,1.0,1.0,0.0,0.0,0.0,1.0,1.0
268,0.0,4.90527477843843,360.0,1.0,8.136810863675537,0.0,0.0,0.0,0.0,0.0,0.0,0.0
269,1.0,4.499809670330265,360.0,1.0,8.397508348470257,0.0,0.0,0.0,0.0,0.0,1.0,1.0
270,0.0,3.4011973816621555,360.0,1.0,8.082402253926244,0.0,0.0,0.0,0.0,0.0,1.0,1.0
271,0.0,4.912654885736052,360.0,1.0,9.318835968129482,1.0,1.0,0.0,0.0,0.0,1.0,1.0
272,0.0,4.836281906951478,360.0,1.0,8.453187861440325,1.0,0.0,0.0,0.0,0.0,0.0,1.0
273,0.0,5.0106352940962555,360.0,1.0,8.48528964240323,1.0,1.0,0.0,0.0,1.0,0.0,1.0
274,2.0,4.499809670330265,360.0,1.0,8.268731832117737,1.0,1.0,0.0,0.0,1.0,0.0,1.0
275,1.0,4.74493212836325,360.0,1.0,8.432070937999402,1.0,1.0,0.0,0.0,1.0,0.0,1.0
276,0.0,5.332718793265369,360.0,1.0,8.891098830616636,1.0,1.0,0.0,0.0,1.0,0.0,1.0
277,0.0,4.382026634673881,360.0,1.0,8.390041405755754,1.0,1.0,0.0,0.0,0.0,1.0,1.0
278,0.0,6.077642243349034,360.0,1.0,9.587611745713565,1.0,1.0,0.0,0.0,1.0,0.0,1.0
279,0.0,4.820281565605037,360.0,1.0,8.318742252692399,0.0,1.0,1.0,0.0,0.0,0.0,1.0
280,1.0,5.062595033026967,360.0,0.0,8.776321456449958,1.0,0.0,1.0,1.0,0.0,1.0,0.0
281,0.0,4.718498871295094,360.0,1.0,8.461046030793236,1.0,1.0,0.0,0.0,1.0,0.0,1.0
282,2.0,4.356708826689592,180.0,1.0,8.097669722345216,1.0,1.0,0.0,0.0,0.0,1.0,1.0
283,0.0,3.9889840465642745,360.0,1.0,8.153925132007862,0.0,0.0,0.0,0.0,0.0,1.0,1.0
284,0.0,4.85,360.0,1.0,9.936293504261306,1.0,1.0,0.0,0.0,0.0,0.0,0.0
285,0.0,4.48863636973214,360.0,1.0,8.734077192559303,1.0,0.0,0.0,0.0,0.0,0.0,1.0
286,0.0,4.59511985013459,300.0,1.0,8.370315995555478,0.0,0.0,0.0,1.0,1.0,0.0,0.0
287,0.0,4.787491742782046,360.0,1.0,8.648922962094131,1.0,1.0,0.0,0.0,0.0,0.0,1.0
288,0.0,4.74493212836325,360.0,1.0,8.32457884513685,0.0,0.0,0.0,0.0,1.0,0.0,1.0
289,0.0,5.231108616854587,360.0,1.0,9.159888828480085,1.0,0.0,0.0,0.0,0.0,0.0,1.0
290,0.0,4.9344739331306915,360.0,1.0,8.610865667278873,1.0,1.0,0.0,0.0,0.0,0.0,1.0
291,2.0,4.844187086458591,360.0,0.0,8.389359819906353,1.0,1.0,0.0,0.0,1.0,0.0,0.0
292,2.0,4.897839799950911,360.0,1.0,8.45807992692373,1.0,1.0,0.0,0.0,0.0,1.0,1.0
293,0.0,4.962844630259907,480.0,0.0,8.597297435657898,0.0,0.0,0.0,0.0,0.0,1.0,0.0
294,0.0,5.147494476813453,360.0,1.0,8.651199471263972,1.0,1.0,0.0,0.0,1.0,0.0,1.0
295,3.0,4.700480365792417,360.0,1.0,8.642238680390461,1.0,1.0,0.0,0.0,0.0,1.0,1.0
296,1.0,5.298317366548036,360.0,1.0,8.835646922534773,1.0,1.0,0.0,0.0,1.0,0.0,1.0
297,1.0,4.90527477843843,360.0,1.0,8.448057452581375,0.0,1.0,0.0,0.0,0.0,1.0,1.0
298,0.0,5.017279836814924,480.0,1.0,8.928110078202646,0.0,0.0,0.0,0.0,0.0,0.0,0.0
299,1.0,4.727387818712341,360.0,1.0,8.504918160540624,1.0,1.0,0.0,0.0,0.0,1.0,0.0
300,0.0,4.532599493153256,360.0,0.0,8.46252579007393,1.0,1.0,1.0,0.0,0.0,1.0,0.0
301,0.0,4.653960350157523,360.0,1.0,8.439231649946526,1.0,1.0,1.0,0.0,1.0,0.0,1.0
302,0.0,4.882801922586371,360.0,1.0,8.517193191416238,0.0,0.0,0.0,0.0,0.0,0.0,1.0
303,1.0,4.564348191467836,360.0,1.0,8.13973227971767,1.0,1.0,0.0,0.0,0.0,1.0,1.0
304,0.0,4.941642422609304,360.0,1.0,8.779557455883728,1.0,0.0,0.0,0.0,0.0,0.0,1.0
305,0.0,4.85,360.0,1.0,7.600902459542082,1.0,0.0,1.0,0.0,0.0,1.0,0.0
306,0.0,4.90527477843843,360.0,1.0,8.59932602095476,0.0,0.0,0.0,0.0,0.0,0.0,1.0
307,0.0,4.6443908991413725,360.0,0.0,8.35772841676521,0.0,0.0,0.0,0.0,0.0,1.0,0.0
308,0.0,6.173786103901937,360.0,1.0,9.915070213779195,1.0,0.0,0.0,0.0,0.0,0.0,0.0
309,2.0,5.220355825078324,360.0,1.0,8.944680683558895,1.0,1.0,1.0,0.0,0.0,0.0,1.0
310,0.0,4.430816798843313,360.0,1.0,7.978310969867722,0.0,0.0,0.0,0.0,1.0,0.0,1.0
311,0.0,4.709530201312334,360.0,1.0,8.5814816812986,1.0,0.0,1.0,0.0,1.0,0.0,1.0
312,0.0,4.02535169073515,360.0,1.0,7.826842098158293,0.0,0.0,0.0,0.0,0.0,0.0,1.0
313,2.0,4.969813299576001,84.0,1.0,8.656259239539235,1.0,1.0,0.0,1.0,0.0,0.0,1.0
314,0.0,5.0689042022202315,360.0,1.0,8.370084326378025,1.0,1.0,0.0,0.0,0.0,0.0,0.0
315,1.0,4.709530201312334,180.0,1.0,8.524962928680598,1.0,1.0,1.0,0.0,0.0,1.0,1.0
316,2.0,4.787491742782046,360.0,1.0,8.220672170297252,1.0,1.0,0.0,0.0,1.0,0.0,1.0
317,0.0,4.477336814478207,360.0,1.0,8.340933226000878,1.0,1.0,0.0,0.0,0.0,1.0,1.0
318,1.0,4.718498871295094,360.0,1.0,8.172164452111904,0.0,0.0,0.0,0.0,1.0,0.0,1.0
319,1.0,5.043425116919247,360.0,1.0,9.210340371976184,1.0,1.0,0.0,1.0,0.0,0.0,0.0
320,0.0,4.74493212836325,360.0,1.0,8.426611813185,1.0,1.0,0.0,0.0,1.0,0.0,1.0
321,3.0,4.820281565605037,360.0,1.0,8.418697944667139,1.0,1.0,0.0,0.0,1.0,0.0,1.0
322,2.0,4.85,360.0,1.0,8.55468163582723,1.0,1.0,1.0,0.0,0.0,0.0,1.0
323,0.0,4.882801922586371,360.0,1.0,8.724369949208368,0.0,0.0,0.0,0.0,0.0,0.0,1.0
324,3.0,5.703782474656201,360.0,1.0,9.615805480084347,1.0,1.0,0.0,0.0,0.0,0.0,1.0
325,1.0,5.929589143389895,360.0,0.0,9.521421537856195,1.0,1.0,0.0,1.0,0.0,0.0,0.0
326,0.0,4.867534450455582,360.0,0.0,8.50045386741194,1.0,0.0,0.0,0.0,0.0,0.0,1.0
327,0.0,5.214935757608986,360.0,1.0,8.984443032465352,1.0,1.0,0.0,1.0,1.0,0.0,1.0
328,0.0,4.700480365792417,360.0,1.0,8.822322177471738,0.0,1.0,0.0,0.0,0.0,1.0,0.0
329,0.0,4.204692619390966,360.0,1.0,7.824046010856292,0.0,0.0,0.0,0.0,0.0,1.0,1.0
330,1.0,4.762173934797756,360.0,1.0,8.728587995695898,1.0,0.0,0.0,0.0,0.0,1.0,1.0
331,0.0,4.584967478670572,360.0,1.0,7.984462732262196,1.0,0.0,0.0,0.0,1.0,0.0,1.0
332,0.0,4.2626798770413155,360.0,1.0,7.949091499830517,1.0,0.0,0.0,0.0,0.0,1.0,1.0
333,0.0,6.194405391104672,180.0,1.0,11.05622495553552,1.0,1.0,0.0,0.0,0.0,1.0,1.0
334,1.0,5.204006687076795,180.0,1.0,9.364433907313582,1.0,1.0,0.0,1.0,0.0,1.0,1.0
335,0.0,4.248495242049359,360.0,1.0,9.209640126861789,1.0,1.0,0.0,1.0,1.0,0.0,1.0
336,1.0,5.075173815233827,360.0,1.0,8.689127655323706,1.0,1.0,0.0,0.0,0.0,0.0,1.0
337,2.0,5.170483995038151,360.0,1.0,8.867850063029406,1.0,1.0,0.0,1.0,0.0,0.0,1.0
338,3.0,4.85,360.0,0.0,7.512071245835466,0.0,0.0,1.0,0.0,0.0,1.0,0.0
339,0.0,4.2626798770413155,360.0,1.0,8.333270353255308,0.0,0.0,0.0,0.0,1.0,0.0,1.0
340,3.0,5.153291594497779,360.0,1.0,8.350902451694811,1.0,1.0,1.0,0.0,0.0,0.0,0.0
341,0.0,3.828641396489095,360.0,1.0,7.774015077250727,0.0,0.0,0.0,0.0,0.0,0.0,0.0
342,1.0,5.062595033026967,360.0,1.0,8.662677858158219,1.0,1.0,1.0,0.0,0.0,1.0,1.0
343,3.0,4.30406509320417,360.0,1.0,8.062432791583195,1.0,1.0,1.0,0.0,1.0,0.0,1.0
344,2.0,4.8283137373023015,360.0,1.0,8.499640032168648,1.0,1.0,0.0,0.0,0.0,0.0,1.0
345,0.0,5.075173815233827,360.0,1.0,8.508555998020574,1.0,1.0,0.0,0.0,1.0,0.0,1.0
346,0.0,5.0238805208462765,360.0,0.0,8.817742129574842,1.0,1.0,1.0,0.0,0.0,0.0,0.0
347,2.0,4.836281906951478,360.0,1.0,8.566173813637858,1.0,1.0,1.0,0.0,0.0,1.0,1.0
348,0.0,5.556828061699537,360.0,1.0,9.29798488182823,1.0,1.0,0.0,0.0,1.0,0.0,1.0
349,0.0,5.231108616854587,360.0,1.0,9.090993614343617,1.0,1.0,0.0,0.0,0.0,0.0,1.0
350,0.0,5.429345628954441,360.0,1.0,9.114159813502214,1.0,1.0,0.0,0.0,1.0,0.0,1.0
351,0.0,5.730099782973574,360.0,1.0,9.466299552232016,1.0,0.0,0.0,0.0,0.0,0.0,0.0
352,3.0,4.553876891600541,360.0,1.0,8.465689348549121,1.0,1.0,0.0,0.0,0.0,0.0,1.0
353,0.0,4.653960350157523,360.0,0.0,8.612503371220562,0.0,1.0,0.0,1.0,0.0,0.0,0.0
354,0.0,4.867534450455582,360.0,1.0,7.982074875081202,0.0,1.0,0.0,0.0,1.0,0.0,1.0
355,0.0,4.7535901911063645,180.0,1.0,8.246171559857563,0.0,0.0,0.0,0.0,0.0,1.0,1.0
356,2.0,5.10594547390058,360.0,1.0,9.350102314351341,1.0,1.0,0.0,0.0,0.0,0.0,1.0
357,1.0,4.204692619390966,360.0,1.0,8.262300941787448,1.0,1.0,0.0,0.0,0.0,1.0,0.0
358,0.0,4.605170185988092,480.0,0.0,8.448057452581375,1.0,1.0,1.0,0.0,0.0,1.0,0.0
359,3.0,5.298317366548036,360.0,1.0,9.0280988119824,1.0,1.0,0.0,0.0,1.0,0.0,1.0
360,1.0,4.394449154672439,360.0,1.0,8.460199469896118,0.0,0.0,0.0,0.0,1.0,0.0,0.0
361,2.0,5.4638318050256105,360.0,1.0,9.067277989134345,1.0,1.0,0.0,0.0,1.0,0.0,1.0
362,0.0,4.867534450455582,360.0,1.0,8.865452825753623,1.0,1.0,0.0,0.0,0.0,1.0,1.0
363,0.0,4.553876891600541,300.0,1.0,8.707152175339404,1.0,1.0,0.0,0.0,0.0,1.0,1.0
364,0.0,4.948759890378168,360.0,1.0,8.82790796297859,1.0,0.0,0.0,1.0,0.0,0.0,1.0
365,0.0,4.890349128221754,360.0,1.0,8.734881892047483,1.0,0.0,1.0,0.0,0.0,0.0,0.0
366,0.0,4.564348191467836,480.0,1.0,7.824046010856292,1.0,0.0,0.0,0.0,1.0,0.0,0.0
367,0.0,4.820281565605037,360.0,0.0,8.541690663016626,1.0,0.0,0.0,0.0,0.0,0.0,0.0
368,1.0,5.1647859739235145,360.0,1.0,8.752265313595721,1.0,1.0,0.0,0.0,1.0,0.0,1.0
369,0.0,6.345636360828596,360.0,1.0,10.126471091048971,1.0,1.0,0.0,0.0,0.0,0.0,0.0
370,0.0,4.007333185232471,360.0,1.0,9.665166909622071,0.0,0.0,0.0,1.0,1.0,0.0,1.0
371,2.0,5.043425116919247,360.0,1.0,8.553525120663627,1.0,1.0,0.0,0.0,1.0,0.0,1.0
372,2.0,5.940171252720432,300.0,1.0,9.752432077616172,1.0,1.0,0.0,1.0,0.0,0.0,1.0
373,1.0,4.709530201312334,180.0,0.0,8.526945482858915,1.0,0.0,0.0,0.0,0.0,1.0,0.0
374,0.0,4.700480365792417,360.0,1.0,8.348301054933943,0.0,0.0,0.0,0.0,0.0,1.0,1.0
375,0.0,4.787491742782046,180.0,1.0,8.655214489313613,1.0,1.0,0.0,0.0,0.0,1.0,1.0
376,3.0,4.867534450455582,360.0,1.0,9.52850315168155,1.0,1.0,0.0,0.0,0.0,0.0,1.0
377,0.0,4.867534450455582,360.0,1.0,8.368693183097793,1.0,1.0,0.0,0.0,1.0,0.0,1.0
378,0.0,4.2626798770413155,480.0,1.0,8.029107054619736,1.0,0.0,0.0,0.0,0.0,1.0,0.0
379,2.0,4.867534450455582,360.0,1.0,8.592486175451668,1.0,1.0,0.0,0.0,0.0,1.0,1.0
380,0.0,4.852030263919617,360.0,1.0,8.671286726753637,1.0,1.0,0.0,0.0,1.0,0.0,1.0
381,0.0,5.69035945432406,360.0,1.0,9.227492430793749,1.0,0.0,0.0,0.0,1.0,0.0,1.0
382,0.0,5.049856007249537,360.0,1.0,8.699514748210191,0.0,0.0,0.0,0.0,0.0,1.0,1.0
383,0.0,4.852030263919617,360.0,1.0,8.877242435993919,1.0,0.0,0.0,1.0,0.0,1.0,1.0
384,2.0,4.605170185988092,360.0,1.0,8.42639282708974,1.0,1.0,0.0,0.0,0.0,1.0,0.0
385,1.0,4.727387818712341,180.0,1.0,8.207129168071326,1.0,0.0,0.0,0.0,0.0,1.0,1.0
386,0.0,4.882801922586371,360.0,1.0,8.28045768658256,1.0,0.0,1.0,0.0,1.0,0.0,1.0
387,0.0,4.85,360.0,0.0,8.72355674269043,1.0,1.0,1.0,0.0,0.0,1.0,0.0
388,0.0,4.912654885736052,360.0,1.0,8.465899897028686,1.0,1.0,0.0,0.0,0.0,1.0,1.0
389,0.0,4.8283137373023015,360.0,1.0,8.610319169405722,1.0,1.0,0.0,0.0,0.0,0.0,1.0
390,3.0,5.220355825078324,360.0,1.0,9.123365357961776,1.0,0.0,0.0,0.0,0.0,0.0,1.0
391,3.0,5.616771097666572,360.0,1.0,9.159468041602427,1.0,1.0,0.0,0.0,0.0,0.0,1.0
392,0.0,4.787491742782046,360.0,1.0,8.454892165218858,1.0,1.0,0.0,0.0,0.0,1.0,1.0
393,2.0,4.727387818712341,180.0,1.0,8.193676665955241,1.0,1.0,1.0,0.0,1.0,0.0,1.0
394,2.0,4.727387818712341,360.0,1.0,8.411832675758411,1.0,1.0,0.0,0.0,0.0,1.0,1.0
395,2.0,4.90527477843843,360.0,1.0,8.23217423638394,1.0,1.0,0.0,0.0,1.0,0.0,1.0
396,0.0,4.2626798770413155,360.0,0.0,8.064636475774222,0.0,0.0,0.0,0.0,0.0,1.0,0.0
397,0.0,4.553876891600541,360.0,1.0,8.410053315858335,1.0,1.0,0.0,0.0,0.0,1.0,1.0
398,0.0,4.6913478822291435,360.0,1.0,8.624791202014256,1.0,0.0,1.0,0.0,0.0,0.0,1.0
399,0.0,4.634728988229636,360.0,0.0,8.101677747454572,0.0,0.0,0.0,0.0,1.0,0.0,0.0
400,2.0,3.8066624897703196,180.0,0.0,7.968665700466235,1.0,1.0,1.0,0.0,0.0,1.0,0.0
401,0.0,4.174387269895637,300.0,1.0,7.9211727215870145,1.0,0.0,1.0,0.0,0.0,0.0,0.0
402,0.0,4.634728988229636,360.0,1.0,10.021270588192511,1.0,0.0,0.0,0.0,1.0,0.0,1.0
403,0.0,3.970291913552122,360.0,1.0,7.5822291942764615,0.0,0.0,1.0,0.0,1.0,0.0,1.0
404,0.0,5.267858159063328,360.0,1.0,8.914760527397261,0.0,0.0,0.0,1.0,0.0,0.0,0.0
405,0.0,4.74493212836325,360.0,1.0,8.42222295382501,0.0,0.0,0.0,0.0,1.0,0.0,1.0
406,0.0,4.74493212836325,360.0,1.0,8.426611813185,1.0,1.0,1.0,0.0,0.0,1.0,1.0
407,0.0,4.189654742026425,360.0,1.0,7.70210434005105,0.0,0.0,1.0,0.0,0.0,0.0,1.0
408,1.0,5.0238805208462765,300.0,0.0,9.02401079378469,1.0,1.0,0.0,0.0,1.0,0.0,0.0
409,3.0,5.886104031450156,360.0,0.0,11.302204433654575,1.0,1.0,0.0,0.0,0.0,0.0,0.0
410,1.0,4.127134385045092,360.0,1.0,8.260234291607297,0.0,0.0,1.0,1.0,1.0,0.0,0.0
411,0.0,5.075173815233827,360.0,1.0,8.741296282225147,1.0,1.0,0.0,0.0,0.0,1.0,1.0
412,0.0,5.384495062789089,360.0,0.0,8.715388097366482,1.0,1.0,1.0,0.0,0.0,0.0,0.0
413,0.0,4.700480365792417,360.0,1.0,8.363109176033522,1.0,1.0,1.0,0.0,0.0,0.0,1.0
414,0.0,5.181783550292085,360.0,0.0,8.591558273371545,0.0,1.0,1.0,0.0,1.0,0.0,0.0
415,0.0,4.0943445622221,360.0,1.0,8.00469951054955,0.0,0.0,0.0,0.0,0.0,1.0,1.0
416,1.0,5.075173815233827,360.0,1.0,7.8632667240095735,0.0,0.0,0.0,0.0,0.0,1.0,0.0
417,2.0,5.476463551931511,360.0,1.0,9.980448593672257,1.0,1.0,0.0,1.0,0.0,1.0,0.0
418,0.0,4.718498871295094,360.0,1.0,8.242229891372231,1.0,1.0,0.0,0.0,0.0,0.0,1.0
419,0.0,4.927253685157205,360.0,1.0,8.44741429680832,1.0,1.0,0.0,0.0,1.0,0.0,1.0
420,0.0,4.927253685157205,360.0,1.0,8.67060073804555,1.0,1.0,0.0,0.0,0.0,0.0,1.0
421,0.0,4.382026634673881,360.0,0.0,7.908387159290043,0.0,0.0,1.0,0.0,0.0,1.0,0.0
422,0.0,4.605170185988092,360.0,1.0,8.171599480345463,1.0,1.0,0.0,0.0,0.0,1.0,1.0
423,1.0,4.700480365792417,360.0,0.0,9.095714846134879,1.0,1.0,0.0,0.0,0.0,1.0,0.0
424,0.0,4.564348191467836,360.0,1.0,9.607773308387083,1.0,1.0,0.0,0.0,1.0,0.0,1.0
425,0.0,4.795790545596741,360.0,1.0,8.848796450925947,1.0,1.0,0.0,0.0,0.0,0.0,1.0
426,1.0,4.394449154672439,360.0,1.0,8.43511508038063,0.0,0.0,1.0,0.0,0.0,0.0,0.0
427,2.0,4.890349128221754,360.0,1.0,8.688622307043769,1.0,1.0,0.0,0.0,1.0,0.0,1.0
428,0.0,4.465908118654584,360.0,1.0,7.984844261119869,1.0,1.0,0.0,0.0,0.0,0.0,1.0
429,0.0,4.0943445622221,180.0,1.0,7.907283609426348,1.0,0.0,1.0,0.0,0.0,1.0,1.0
430,1.0,5.0106352940962555,360.0,1.0,9.06230429314878,0.0,0.0,0.0,1.0,1.0,0.0,1.0
431,0.0,4.653960350157523,360.0,0.0,8.779557455883728,1.0,0.0,0.0,0.0,0.0,0.0,0.0
432,0.0,6.003887067106539,360.0,1.0,9.463120392418698,1.0,0.0,0.0,0.0,1.0,0.0,1.0
433,0.0,4.962844630259907,360.0,1.0,8.469052816088302,1.0,1.0,0.0,0.0,1.0,0.0,1.0
434,0.0,4.605170185988092,360.0,1.0,8.229511118964457,1.0,0.0,0.0,0.0,0.0,1.0,1.0
435,0.0,4.85,240.0,1.0,9.215029361462314,0.0,1.0,0.0,0.0,1.0,0.0,1.0
436,0.0,3.912023005428146,360.0,1.0,8.236685322712457,1.0,0.0,0.0,0.0,1.0,0.0,1.0
437,0.0,4.85,360.0,1.0,8.11312710422178,1.0,1.0,0.0,0.0,0.0,1.0,1.0
438,0.0,5.231108616854587,360.0,0.0,9.251098364448351,1.0,0.0,0.0,1.0,0.0,1.0,0.0
439,0.0,4.927253685157205,360.0,1.0,8.873748128154395,0.0,1.0,1.0,1.0,0.0,0.0,1.0
440,0.0,5.231108616854587,360.0,1.0,9.07383312732152,1.0,0.0,0.0,0.0,1.0,0.0,1.0
441,0.0,5.19295685089021,360.0,1.0,9.1833801903934,1.0,1.0,0.0,0.0,0.0,0.0,1.0
442,3.0,4.997212273764115,360.0,1.0,8.809862805379057,1.0,0.0,1.0,0.0,1.0,0.0,1.0
443,1.0,5.0238805208462765,360.0,1.0,10.537919225261291,1.0,0.0,0.0,0.0,1.0,0.0,1.0
444,0.0,5.1647859739235145,300.0,1.0,9.659248037927183,1.0,1.0,0.0,0.0,0.0,0.0,1.0
445,1.0,4.867534450455582,360.0,1.0,8.450198322591959,1.0,1.0,0.0,1.0,0.0,0.0,1.0
446,2.0,4.700480365792417,360.0,1.0,8.445052513638554,1.0,1.0,1.0,0.0,0.0,0.0,1.0
447,0.0,4.007333185232471,360.0,1.0,8.500047032581268,1.0,1.0,0.0,0.0,0.0,0.0,0.0
448,2.0,5.0106352940962555,360.0,0.0,8.527143522269405,1.0,1.0,0.0,0.0,0.0,0.0,0.0
449,1.0,5.247024072160486,360.0,0.0,8.368925174747135,1.0,0.0,1.0,1.0,1.0,0.0,0.0
450,2.0,4.8283137373023015,360.0,0.0,8.1786387885907,1.0,1.0,1.0,0.0,0.0,0.0,0.0
451,2.0,4.0943445622221,300.0,1.0,8.135639903354386,1.0,1.0,1.0,0.0,0.0,1.0,1.0
452,0.0,5.003946305945459,360.0,0.0,8.644882552557126,1.0,1.0,0.0,0.0,0.0,0.0,0.0
453,0.0,4.499809670330265,180.0,0.0,8.506940814951886,1.0,1.0,0.0,0.0,0.0,0.0,1.0
454,0.0,4.430816798843313,360.0,1.0,8.865735152124781,1.0,0.0,0.0,1.0,1.0,0.0,1.0
455,2.0,4.564348191467836,360.0,1.0,8.258163361537619,1.0,1.0,0.0,0.0,1.0,0.0,1.0
456,0.0,4.770684624465665,360.0,1.0,8.366602832783736,1.0,1.0,0.0,0.0,0.0,1.0,1.0
457,0.0,5.153291594497779,360.0,1.0,8.744647438317532,1.0,1.0,0.0,0.0,0.0,1.0,0.0
458,2.0,4.912654885736052,360.0,1.0,8.378850241794492,1.0,0.0,0.0,0.0,0.0,0.0,1.0
459,0.0,5.075173815233827,360.0,1.0,9.0280988119824,1.0,1.0,0.0,0.0,1.0,0.0,0.0
460,0.0,5.075173815233827,360.0,1.0,8.726805608446096,1.0,1.0,0.0,1.0,1.0,0.0,1.0
461,3.0,4.852030263919617,180.0,1.0,8.954156966583772,1.0,1.0,0.0,0.0,0.0,1.0,1.0
462,0.0,5.030437921392435,360.0,1.0,8.556990661290303,1.0,1.0,0.0,0.0,0.0,0.0,1.0
463,1.0,4.882801922586371,360.0,1.0,8.55468163582723,0.0,0.0,1.0,0.0,1.0,0.0,1.0
464,0.0,4.584967478670572,360.0,0.0,8.334711621820917,1.0,0.0,0.0,0.0,1.0,0.0,0.0
465,0.0,4.941642422609304,360.0,1.0,8.699514748210191,1.0,0.0,0.0,0.0,0.0,0.0,1.0
466,3.0,4.248495242049359,180.0,0.0,8.436200032206706,1.0,1.0,1.0,0.0,0.0,1.0,0.0
467,0.0,4.700480365792417,360.0,1.0,9.722684841711443,1.0,1.0,0.0,0.0,1.0,0.0,1.0
468,2.0,4.584967478670572,360.0,1.0,8.047829357457841,0.0,1.0,1.0,0.0,1.0,0.0,1.0
469,0.0,4.700480365792417,360.0,1.0,8.822322177471738,1.0,1.0,0.0,0.0,0.0,1.0,0.0
470,1.0,5.087596335232384,360.0,1.0,8.617762246337932,1.0,1.0,0.0,1.0,1.0,0.0,1.0
471,1.0,4.727387818712341,180.0,0.0,8.331586243630754,1.0,1.0,1.0,0.0,0.0,0.0,0.0
472,3.0,4.605170185988092,360.0,1.0,8.453401058328458,1.0,1.0,0.0,0.0,1.0,0.0,1.0
473,0.0,4.532599493153256,360.0,1.0,7.824046010856292,0.0,0.0,0.0,1.0,0.0,1.0,1.0
474,2.0,5.087596335232384,360.0,1.0,9.228180290104513,1.0,0.0,0.0,0.0,0.0,0.0,1.0
475,2.0,5.0106352940962555,360.0,1.0,9.772182251758139,1.0,1.0,0.0,1.0,0.0,0.0,1.0
476,2.0,5.438079308923196,300.0,1.0,9.041921720351219,1.0,1.0,0.0,0.0,1.0,0.0,1.0
477,2.0,4.882801922586371,360.0,0.0,8.464846711044029,1.0,1.0,0.0,0.0,1.0,0.0,0.0
478,1.0,4.454347296253507,360.0,1.0,9.847816267665664,1.0,1.0,0.0,1.0,1.0,0.0,1.0
479,2.0,4.85,360.0,1.0,8.422882511944996,1.0,1.0,0.0,0.0,0.0,1.0,0.0
480,0.0,5.0369526024136295,360.0,1.0,8.37793112408273,0.0,0.0,1.0,0.0,0.0,0.0,1.0
481,3.0,4.727387818712341,360.0,1.0,8.037543185118697,1.0,1.0,1.0,0.0,0.0,0.0,1.0
482,0.0,4.852030263919617,360.0,1.0,8.562740006372207,1.0,1.0,0.0,0.0,1.0,0.0,1.0
483,0.0,5.455321115357702,360.0,1.0,9.290352309945568,1.0,1.0,0.0,0.0,1.0,0.0,1.0
484,2.0,5.5053315359323625,360.0,1.0,9.027978814382207,1.0,1.0,0.0,0.0,1.0,0.0,1.0
485,1.0,4.875197323201151,360.0,1.0,8.387995252944556,1.0,1.0,1.0,0.0,0.0,0.0,1.0
486,2.0,4.382026634673881,360.0,0.0,8.173857454773621,1.0,0.0,0.0,0.0,0.0,0.0,0.0
487,1.0,6.214608098422191,360.0,1.0,9.816457993563025,1.0,1.0,0.0,0.0,0.0,1.0,0.0
488,2.0,5.075173815233827,360.0,1.0,8.804775258867686,1.0,1.0,0.0,1.0,1.0,0.0,1.0
489,0.0,4.31748811353631,360.0,1.0,7.79770203551669,1.0,0.0,0.0,0.0,0.0,1.0,0.0
490,0.0,4.564348191467836,360.0,1.0,8.609590040682205,1.0,0.0,1.0,0.0,1.0,0.0,1.0
491,1.0,5.225746673713202,360.0,1.0,8.774003600200931,1.0,1.0,1.0,0.0,0.0,1.0,1.0
492,0.0,4.700480365792417,360.0,1.0,8.213652703029998,1.0,0.0,1.0,0.0,0.0,0.0,1.0
493,0.0,5.41610040220442,360.0,1.0,9.756320761816548,0.0,0.0,1.0,1.0,1.0,0.0,1.0
494,0.0,4.77912349311153,360.0,0.0,8.657650544111494,1.0,1.0,0.0,0.0,0.0,0.0,0.0
495,1.0,4.653960350157523,84.0,1.0,8.352082671352637,0.0,1.0,0.0,0.0,1.0,0.0,1.0
496,0.0,4.672828834461906,360.0,1.0,8.366370301681654,1.0,1.0,1.0,0.0,0.0,0.0,1.0
497,0.0,4.709530201312334,12.0,1.0,8.920255414908091,1.0,1.0,0.0,0.0,0.0,1.0,1.0
498,1.0,4.553876891600541,360.0,1.0,7.970740390007095,1.0,1.0,0.0,1.0,1.0,0.0,1.0
499,0.0,5.342334251964811,360.0,0.0,9.277905558138606,1.0,0.0,0.0,0.0,0.0,0.0,0.0
500,0.0,4.727387818712341,480.0,1.0,8.372860820526318,0.0,0.0,0.0,0.0,0.0,0.0,1.0
501,0.0,4.605170185988092,360.0,1.0,8.058010800802085,0.0,0.0,0.0,0.0,1.0,0.0,1.0
502,2.0,5.337538079701318,360.0,1.0,9.258082367961604,1.0,1.0,0.0,0.0,1.0,0.0,1.0
503,1.0,4.927253685157205,360.0,1.0,9.143345503151904,1.0,1.0,1.0,0.0,0.0,0.0,0.0
504,0.0,4.820281565605037,300.0,1.0,8.574895901544526,1.0,1.0,1.0,0.0,1.0,0.0,1.0
505,2.0,5.493061443340548,360.0,1.0,8.97790377375038,1.0,1.0,0.0,0.0,0.0,0.0,1.0
506,0.0,6.173786103901937,360.0,1.0,10.221941283654663,1.0,1.0,0.0,0.0,0.0,1.0,1.0
507,0.0,4.564348191467836,360.0,1.0,8.183955717304954,1.0,0.0,0.0,0.0,0.0,1.0,0.0
508,0.0,5.236441962829949,360.0,1.0,8.61104776688786,1.0,1.0,0.0,1.0,0.0,1.0,1.0
509,1.0,3.6888794541139363,360.0,1.0,9.492658081928813,0.0,0.0,0.0,0.0,0.0,1.0,1.0
510,0.0,4.605170185988092,360.0,1.0,8.493924564476883,1.0,0.0,1.0,0.0,0.0,0.0,0.0
511,1.0,5.521460917862246,360.0,1.0,8.995784837848506,1.0,1.0,0.0,0.0,1.0,0.0,1.0
512,2.0,4.997212273764115,360.0,1.0,8.578852571802965,1.0,1.0,0.0,0.0,0.0,1.0,1.0
513,0.0,4.248495242049359,180.0,1.0,9.082052351674651,1.0,1.0,0.0,0.0,1.0,0.0,0.0
514,0.0,5.739792912179234,360.0,1.0,9.15704507491796,1.0,0.0,0.0,0.0,0.0,0.0,0.0
515,3.0,5.0106352940962555,360.0,1.0,8.83840674707681,1.0,1.0,0.0,0.0,0.0,0.0,1.0
516,2.0,4.727387818712341,480.0,1.0,8.206037762778815,0.0,1.0,0.0,0.0,1.0,0.0,1.0
517,0.0,4.812184355372417,360.0,0.0,8.491670234185152,1.0,1.0,1.0,0.0,1.0,0.0,0.0
518,0.0,5.220355825078324,360.0,1.0,8.794521851788527,1.0,0.0,0.0,0.0,1.0,0.0,0.0
519,0.0,4.553876891600541,360.0,1.0,8.131530710604252,0.0,0.0,1.0,0.0,0.0,0.0,0.0
520,2.0,3.8066624897703196,360.0,1.0,8.277411998949004,1.0,1.0,1.0,0.0,1.0,0.0,1.0
521,0.0,4.007333185232471,360.0,1.0,7.824046010856292,1.0,0.0,0.0,0.0,1.0,0.0,1.0
522,3.0,4.605170185988092,360.0,1.0,8.867990898182093,1.0,1.0,0.0,1.0,0.0,0.0,1.0
523,2.0,6.173786103901937,360.0,1.0,9.623376745580666,1.0,1.0,0.0,1.0,0.0,0.0,1.0
524,0.0,4.85,360.0,1.0,8.819813136232225,1.0,0.0,0.0,0.0,1.0,0.0,0.0
525,2.0,5.991464547107982,360.0,1.0,9.769956159911606,1.0,1.0,0.0,1.0,0.0,0.0,1.0
526,0.0,4.700480365792417,360.0,1.0,8.236155661683124,1.0,1.0,0.0,0.0,1.0,0.0,1.0
527,1.0,5.081404364984463,360.0,0.0,8.812099108957337,1.0,1.0,1.0,0.0,1.0,0.0,1.0
528,1.0,4.543294782270004,360.0,1.0,8.289288323000317,1.0,0.0,1.0,0.0,1.0,0.0,1.0
529,0.0,4.867534450455582,360.0,1.0,8.82217476094608,1.0,0.0,1.0,0.0,1.0,0.0,1.0
530,0.0,5.375278407684165,360.0,1.0,8.783396232190894,1.0,1.0,0.0,0.0,0.0,0.0,1.0
531,3.0,4.605170185988092,360.0,1.0,8.361941906144946,1.0,1.0,0.0,0.0,0.0,1.0,1.0
532,2.0,4.700480365792417,360.0,0.0,8.185350223178686,1.0,0.0,0.0,0.0,0.0,0.0,0.0
533,1.0,5.278114659230517,360.0,1.0,9.328123407632566,1.0,0.0,0.0,0.0,1.0,0.0,0.0
534,0.0,4.8283137373023015,360.0,1.0,9.807251944655302,0.0,0.0,1.0,1.0,0.0,1.0,1.0
535,0.0,4.836281906951478,360.0,1.0,8.432070937999402,1.0,0.0,1.0,0.0,0.0,0.0,1.0
536,0.0,5.780743515792329,360.0,1.0,9.214232786691527,1.0,1.0,0.0,0.0,0.0,1.0,1.0
537,2.0,4.672828834461906,360.0,1.0,8.193400231952097,1.0,0.0,0.0,0.0,1.0,0.0,1.0
538,0.0,4.189654742026425,360.0,1.0,8.146998697389993,1.0,1.0,1.0,0.0,0.0,0.0,0.0
539,3.0,5.056245805348308,180.0,1.0,8.766705997750515,1.0,1.0,0.0,0.0,0.0,0.0,1.0
540,1.0,4.941642422609304,180.0,1.0,8.916371914881694,0.0,1.0,0.0,0.0,1.0,0.0,1.0
541,0.0,4.59511985013459,360.0,0.0,7.6676260915849905,0.0,0.0,0.0,0.0,1.0,0.0,0.0
542,1.0,4.553876891600541,360.0,1.0,8.20303024171486,0.0,0.0,0.0,0.0,1.0,0.0,1.0
543,1.0,4.852030263919617,360.0,1.0,8.46863300080086,1.0,1.0,1.0,0.0,0.0,1.0,1.0
544,0.0,4.624972813284271,360.0,1.0,8.210668031162976,0.0,1.0,1.0,0.0,1.0,0.0,1.0
545,0.0,5.043425116919247,360.0,1.0,8.45914025996762,1.0,1.0,0.0,0.0,0.0,0.0,1.0
546,0.0,4.382026634673881,36.0,1.0,8.119100837637486,1.0,0.0,1.0,0.0,1.0,0.0,0.0
547,0.0,4.976733742420574,360.0,1.0,8.368461137615839,1.0,0.0,0.0,0.0,0.0,0.0,1.0
548,0.0,4.634728988229636,360.0,0.0,8.517193191416238,0.0,0.0,0.0,0.0,1.0,0.0,0.0
549,0.0,4.700480365792417,360.0,1.0,8.476579508530941,1.0,1.0,0.0,0.0,0.0,0.0,1.0
550,2.0,4.85,360.0,0.0,8.799812469525556,1.0,1.0,0.0,1.0,0.0,0.0,0.0
551,1.0,4.85,360.0,1.0,8.490233009833455,1.0,1.0,1.0,0.0,0.0,0.0,1.0
552,1.0,5.062595033026967,360.0,1.0,8.792245847467877,1.0,1.0,0.0,0.0,0.0,1.0,1.0
553,0.0,5.198497031265826,360.0,0.0,8.473659189392508,1.0,1.0,1.0,0.0,0.0,1.0,0.0
554,0.0,4.882801922586371,180.0,0.0,8.969414650866176,1.0,1.0,0.0,0.0,0.0,0.0,0.0
555,1.0,3.258096538021482,360.0,1.0,8.779557455883728,1.0,1.0,0.0,0.0,1.0,0.0,1.0
556,0.0,4.430816798843313,360.0,1.0,8.36450810375059,0.0,0.0,0.0,0.0,0.0,1.0,1.0
557,3.0,5.560681631015528,360.0,1.0,9.22414465295258,1.0,1.0,0.0,1.0,1.0,0.0,1.0
558,0.0,5.087596335232384,360.0,1.0,8.78813593986372,1.0,1.0,0.0,0.0,1.0,0.0,1.0
559,0.0,5.204006687076795,360.0,1.0,8.777401286867264,0.0,1.0,0.0,0.0,1.0,0.0,1.0
560,2.0,4.68213122712422,360.0,1.0,8.27308133366583,1.0,1.0,1.0,0.0,1.0,0.0,1.0
561,1.0,6.396929655216146,360.0,1.0,9.877348894926433,0.0,1.0,0.0,1.0,1.0,0.0,1.0
562,0.0,5.351858133476067,360.0,1.0,8.984317679911129,1.0,1.0,0.0,0.0,0.0,0.0,1.0
563,0.0,4.882801922586371,360.0,1.0,8.66561319653451,1.0,0.0,1.0,1.0,1.0,0.0,1.0
564,2.0,5.552959584921617,360.0,0.0,9.08239335764556,1.0,1.0,0.0,0.0,0.0,1.0,0.0
565,0.0,4.787491742782046,360.0,1.0,8.404472321352118,1.0,1.0,1.0,0.0,0.0,0.0,1.0
566,0.0,4.248495242049359,360.0,1.0,8.11162807830774,1.0,0.0,0.0,0.0,0.0,1.0,1.0
567,3.0,4.812184355372417,360.0,0.0,8.68270762989381,1.0,1.0,0.0,0.0,0.0,0.0,0.0
568,0.0,2.1972245773362196,360.0,1.0,7.774015077250727,0.0,0.0,0.0,0.0,0.0,1.0,0.0
569,0.0,4.6443908991413725,360.0,0.0,8.56216655705897,1.0,1.0,0.0,0.0,0.0,1.0,0.0
570,1.0,5.225746673713202,360.0,1.0,8.550047528287184,1.0,1.0,0.0,0.0,0.0,1.0,1.0
571,0.0,5.10594547390058,360.0,0.0,8.789812386190972,1.0,1.0,0.0,0.0,0.0,1.0,0.0
572,2.0,5.616771097666572,360.0,1.0,9.721125994942152,1.0,1.0,0.0,0.0,0.0,1.0,1.0
573,2.0,5.231108616854587,480.0,1.0,8.955448122347393,1.0,1.0,1.0,0.0,1.0,0.0,0.0
574,3.0,5.0106352940962555,360.0,1.0,8.764990330169104,1.0,1.0,0.0,0.0,1.0,0.0,0.0
575,2.0,4.68213122712422,84.0,1.0,8.194229304819817,1.0,1.0,0.0,0.0,0.0,1.0,1.0
576,0.0,4.912654885736052,360.0,0.0,8.574895901544526,1.0,1.0,0.0,0.0,1.0,0.0,0.0
577,0.0,4.700480365792417,360.0,1.0,8.694167141883597,1.0,0.0,0.0,0.0,0.0,1.0,1.0
578,1.0,4.672828834461906,360.0,1.0,8.297543529356284,1.0,1.0,0.0,0.0,0.0,0.0,1.0
579,0.0,5.081404364984463,360.0,1.0,8.715880102296456,1.0,0.0,0.0,0.0,0.0,1.0,1.0
580,2.0,5.3230099791384085,360.0,1.0,8.785692444451245,1.0,1.0,0.0,0.0,1.0,0.0,1.0
581,0.0,4.499809670330265,360.0,1.0,10.482149379105689,1.0,0.0,0.0,0.0,0.0,1.0,0.0
582,0.0,3.58351893845611,360.0,1.0,8.060224240440958,0.0,1.0,0.0,0.0,1.0,0.0,1.0
583,1.0,4.110873864173311,360.0,0.0,7.539027055823995,1.0,1.0,0.0,0.0,0.0,0.0,0.0
584,1.0,4.983606621708336,360.0,0.0,8.456168489578463,1.0,1.0,0.0,0.0,0.0,0.0,0.0
585,1.0,5.147494476813453,84.0,1.0,8.893298144217916,1.0,1.0,0.0,0.0,0.0,0.0,0.0
586,0.0,4.6443908991413725,360.0,1.0,8.247743887225516,1.0,1.0,0.0,0.0,0.0,1.0,1.0
587,0.0,4.248495242049359,360.0,1.0,7.68017564043659,0.0,0.0,1.0,0.0,1.0,0.0,1.0
588,0.0,4.543294782270004,360.0,1.0,8.465899897028686,1.0,0.0,0.0,0.0,1.0,0.0,1.0
589,2.0,4.663439094112067,360.0,0.0,7.9105906122564775,1.0,1.0,0.0,1.0,1.0,0.0,0.0
590,0.0,4.02535169073515,180.0,1.0,8.766550149546351,1.0,1.0,0.0,0.0,1.0,0.0,1.0
591,2.0,5.3230099791384085,240.0,1.0,8.699514748210191,1.0,1.0,0.0,1.0,1.0,0.0,0.0
592,3.0,5.676753802268282,360.0,1.0,9.143880005275912,1.0,0.0,0.0,1.0,1.0,0.0,1.0
593,0.0,4.955827057601261,180.0,1.0,8.876125585396185,1.0,1.0,0.0,0.0,0.0,0.0,1.0
594,0.0,5.560681631015528,360.0,1.0,9.68781601606062,1.0,1.0,0.0,1.0,0.0,1.0,1.0
595,0.0,4.700480365792417,360.0,1.0,8.251403065380556,1.0,0.0,1.0,0.0,0.0,0.0,1.0
596,2.0,5.231108616854587,360.0,1.0,8.906935339059165,1.0,1.0,1.0,1.0,0.0,0.0,0.0
597,0.0,4.477336814478207,360.0,0.0,8.00202481821611,1.0,0.0,0.0,0.0,1.0,0.0,0.0
598,0.0,5.19295685089021,360.0,1.0,9.206633510044856,1.0,1.0,0.0,1.0,0.0,0.0,1.0
599,2.0,5.2574953720277815,360.0,1.0,8.662158961666423,1.0,1.0,0.0,0.0,0.0,1.0,1.0
600,3.0,5.857933154483459,180.0,1.0,10.647399137646048,0.0,0.0,0.0,0.0,0.0,1.0,0.0
601,0.0,5.043425116919247,360.0,1.0,8.645762292210945,1.0,1.0,1.0,0.0,0.0,0.0,1.0
602,3.0,4.852030263919617,360.0,1.0,8.648747631156539,1.0,1.0,0.0,0.0,0.0,1.0,1.0
603,0.0,5.147494476813453,360.0,1.0,8.984317679911129,1.0,0.0,0.0,0.0,0.0,0.0,1.0
604,1.0,6.206575926724928,360.0,1.0,9.392661928770137,0.0,1.0,0.0,0.0,1.0,0.0,1.0
605,0.0,4.85,180.0,1.0,8.732304571033183,1.0,1.0,1.0,0.0,0.0,1.0,0.0
606,1.0,5.153291594497779,360.0,1.0,8.68270762989381,1.0,1.0,0.0,0.0,1.0,0.0,1.0
607,2.0,5.056245805348308,360.0,1.0,8.59378379357795,1.0,1.0,1.0,0.0,0.0,0.0,1.0
608,0.0,4.68213122712422,360.0,1.0,8.552946361122055,1.0,1.0,0.0,0.0,0.0,0.0,1.0
609,0.0,4.2626798770413155,360.0,1.0,7.9724660159745655,0.0,0.0,0.0,0.0,0.0,0.0,1.0
610,3.0,3.6888794541139363,180.0,1.0,8.32020459757888,1.0,1.0,0.0,0.0,0.0,0.0,1.0
611,1.0,5.53338948872752,360.0,1.0,9.025455532779063,1.0,1.0,0.0,0.0,0.0,1.0,1.0
612,2.0,5.231108616854587,360.0,1.0,8.933664178700935,1.0,1.0,0.0,0.0,0.0,1.0,1.0
613,0.0,4.890349128221754,360.0,0.0,8.430109084509125,0.0,0.0,0.0,1.0,1.0,0.0,0.0
